DZ;DIR ZONAL;CATEG;COD ESTAC;ESTACION;ACT. COMP. NUEVO;OPERADOR
1;DIRECCION ZONAL DE PIURA;PLU;104044;ALAMOR;ADICIONALES SIN DATA;ADICIONALES SIN DATA
1;DIRECCION ZONAL DE PIURA;CP;104097;ALTO DE POCLUS;TRABAJO PRESENCIAL;CLARO
1;DIRECCION ZONAL DE PIURA;CP;104058;AYABACA;TRABAJO PRESENCIAL;CLARO
1;DIRECCION ZONAL DE PIURA;CO;105012;BERNAL;TRABAJO PRESENCIAL;CLARO
1;DIRECCION ZONAL DE PIURA;CO;103042;CAÑAVERAL;TRABAJO REMOTO;CLARO
1;DIRECCION ZONAL DE PIURA;CP;105016;CHALACO;TRABAJO PRESENCIAL;CLARO
1;DIRECCION ZONAL DE PIURA;CO;105070;CHULUCANAS;TRABAJO PRESENCIAL;CLARO
1;DIRECCION ZONAL DE PIURA;CO;105105;CHUSIS;TRABAJO PRESENCIAL;CLARO
1;DIRECCION ZONAL DE PIURA;CO;104080;EL ALTO;TRABAJO PRESENCIAL;CLARO
1;DIRECCION ZONAL DE PIURA;CO;103041;EL SALTO;RENUNCIA;CLARO
1;DIRECCION ZONAL DE PIURA;PLU;103016;EL TIGRE;ADICIONALES SIN DATA;ADICIONALES SIN DATA
1;DIRECCION ZONAL DE PIURA;PLU;105013;EL VIRREY;TRABAJO PRESENCIAL;CLARO
1;DIRECCION ZONAL DE PIURA;PLU;105015;HACIENDA BIGOTE;TRABAJO PRESENCIAL;CLARO
1;DIRECCION ZONAL DE PIURA;CP;105055;HUANCABAMBA;TRABAJO PRESENCIAL;CLARO
1;DIRECCION ZONAL DE PIURA;CO;105064;HUARMACA;TRABAJO PRESENCIAL;CLARO
1;DIRECCION ZONAL DE PIURA;CP;100072;LA CRUZ;TRABAJO PRESENCIAL;CLARO
1;DIRECCION ZONAL DE PIURA;CP;104090;LA ESPERANZA;TRABAJO PRESENCIAL;CLARO
1;DIRECCION ZONAL DE PIURA;CO;104016;LANCONES;TRABAJO PRESENCIAL;CLARO
1;DIRECCION ZONAL DE PIURA;CP;108007;MALACASI;TRABAJO PRESENCIAL;CLARO
1;DIRECCION ZONAL DE PIURA;CP;104079;MALLARES;TRABAJO REMOTO;CLARO
1;DIRECCION ZONAL DE PIURA;PLU;103008;MATAPALO;TRABAJO PRESENCIAL;CLARO
1;DIRECCION ZONAL DE PIURA;MAP;105100;MIRAFLORES;CONVENIO;SIN OPERADOR
1;DIRECCION ZONAL DE PIURA;CO;105106;MORROPON;TRABAJO PRESENCIAL;CLARO
1;DIRECCION ZONAL DE PIURA;PLU;104014;PANANGA;TRABAJO PRESENCIAL;MOVISTAR
1;DIRECCION ZONAL DE PIURA;CO;103040;PAPAYAL;TRABAJO PRESENCIAL;CLARO
1;DIRECCION ZONAL DE PIURA;CO;104084;PARTIDOR;TRABAJO PRESENCIAL;CLARO
1;DIRECCION ZONAL DE PIURA;CO;103038;PUERTO PIZARRO;TRABAJO REMOTO;CLARO
1;DIRECCION ZONAL DE PIURA;CO;103036;RICA PLAYA;FALLECIO;CLARO
1;DIRECCION ZONAL DE PIURA;CP;105096;SALALA;TRABAJO PRESENCIAL;MOVISTAR
1;DIRECCION ZONAL DE PIURA;MAP;105063;SAN MIGUEL;TRABAJO REMOTO;CLARO
1;DIRECCION ZONAL DE PIURA;PLU;100126;SAN PEDRO;ADICIONALES SIN DATA;ADICIONALES SIN DATA
1;DIRECCION ZONAL DE PIURA;CO;100131;SANTO DOMINGO;TRABAJO PRESENCIAL;CLARO
1;DIRECCION ZONAL DE PIURA;PLU;104019;SAPILLICA;TRABAJO PRESENCIAL;CLARO
1;DIRECCION ZONAL DE PIURA;CO;104059;SAUSAL DE CULUCAN;TRABAJO PRESENCIAL;CLARO
1;DIRECCION ZONAL DE PIURA;CO;105022;SONDORILLO;TRABAJO PRESENCIAL;CLARO
1;DIRECCION ZONAL DE PIURA;CO;105056;TABACONAS;TRABAJO REMOTO;CLARO
2;DIRECCION ZONAL DE LAMBAYEQUE;CO;105075;ARAMANGO;TRABAJO PRESENCIAL;CLARO
2;DIRECCION ZONAL DE LAMBAYEQUE;CP;105068;BAGUA CHICA;TRABAJO REMOTO;CLARO
2;DIRECCION ZONAL DE LAMBAYEQUE;CP;100015;BAMBAMARCA;TRABAJO PRESENCIAL;CLARO
2;DIRECCION ZONAL DE LAMBAYEQUE;CP;106042;CAYALTI;TRABAJO PRESENCIAL;CLARO
2;DIRECCION ZONAL DE LAMBAYEQUE;CO;106011;CHACHAPOYAS;TRABAJO PRESENCIAL;CLARO
2;DIRECCION ZONAL DE LAMBAYEQUE;CO;106022;CHANCAY BAÑOS;TRABAJO PRESENCIAL;CLARO
2;DIRECCION ZONAL DE LAMBAYEQUE;CO;100028;CHERREPE;TRABAJO PRESENCIAL;CLARO
2;DIRECCION ZONAL DE LAMBAYEQUE;CO;105104;CHIRIACO;TRABAJO REMOTO;CLARO
2;DIRECCION ZONAL DE LAMBAYEQUE;CO;105074;CHIRINOS;TRABAJO REMOTO;CLARO
2;DIRECCION ZONAL DE LAMBAYEQUE;CO;105065;CHONTALI;TRABAJO PRESENCIAL;CLARO
2;DIRECCION ZONAL DE LAMBAYEQUE;CO;106034;CHOTA;TRABAJO PRESENCIAL;CLARO
2;DIRECCION ZONAL DE LAMBAYEQUE;PLU;106084;CHOTANO LAJAS;POR ACTUALIZAR;SIN OPERADOR
2;DIRECCION ZONAL DE LAMBAYEQUE;CO;106058;COCHABAMBA;TRABAJO REMOTO;CLARO
2;DIRECCION ZONAL DE LAMBAYEQUE;PLU;106060;CUEVA BLANCA;TRABAJO PRESENCIAL;MOVISTAR
2;DIRECCION ZONAL DE LAMBAYEQUE;CO;106057;CUTERVO;TRABAJO PRESENCIAL;CLARO
2;DIRECCION ZONAL DE LAMBAYEQUE;CO;105057;EL LIMON;TRABAJO PRESENCIAL;CLARO
2;DIRECCION ZONAL DE LAMBAYEQUE;CO;106121;EL PALTO;TRABAJO PRESENCIAL;MOVISTAR
2;DIRECCION ZONAL DE LAMBAYEQUE;PLU;106065;HACIENDA PUCARA;TRABAJO PRESENCIAL;CLARO
2;DIRECCION ZONAL DE LAMBAYEQUE;CP;106054;HUAMBOS;TRABAJO REMOTO;CLARO
2;DIRECCION ZONAL DE LAMBAYEQUE;CP;106037;INCAHUASI;TRABAJO PRESENCIAL;CLARO
2;DIRECCION ZONAL DE LAMBAYEQUE;CP;105067;JAEN;TRABAJO PRESENCIAL;CLARO
2;DIRECCION ZONAL DE LAMBAYEQUE;CO;105042;JAMALCA;TRABAJO PRESENCIAL;CLARO
2;DIRECCION ZONAL DE LAMBAYEQUE;CO;106047;JAYANCA;TRABAJO PRESENCIAL;CLARO
2;DIRECCION ZONAL DE LAMBAYEQUE;CO;105079;JAZAN;TRABAJO PRESENCIAL;CLARO
2;DIRECCION ZONAL DE LAMBAYEQUE;CO;105062;LA CASCARILLA;TRABAJO PRESENCIAL;MOVISTAR
2;DIRECCION ZONAL DE LAMBAYEQUE;CP;106108;LAMBAYEQUE;TRABAJO PRESENCIAL;CLARO
2;DIRECCION ZONAL DE LAMBAYEQUE;CO;106053;LLAMA;TRABAJO REMOTO;CLARO
2;DIRECCION ZONAL DE LAMBAYEQUE;PLU;105046;MAGUNCHAL;TRABAJO PRESENCIAL;CLARO
2;DIRECCION ZONAL DE LAMBAYEQUE;CO;105107;NAMBALLE;TRABAJO PRESENCIAL;CLARO
2;DIRECCION ZONAL DE LAMBAYEQUE;CO;100092;NIEPOS;TRABAJO REMOTO;CLARO
2;DIRECCION ZONAL DE LAMBAYEQUE;CO;106109;OYOTUN;TRABAJO PRESENCIAL;CLARO
2;DIRECCION ZONAL DE LAMBAYEQUE;CP;105076;PASABAR;TRABAJO PRESENCIAL;CLARO
2;DIRECCION ZONAL DE LAMBAYEQUE;CO;105121;PASAJE SUR;#N/D;NO VYD
2;DIRECCION ZONAL DE LAMBAYEQUE;PLU;100105;PORCULLA;TRABAJO PRESENCIAL;MOVISTAR
2;DIRECCION ZONAL DE LAMBAYEQUE;CO;106120;PUCHACA;TRABAJO PRESENCIAL;CLARO
2;DIRECCION ZONAL DE LAMBAYEQUE;PLU;100113;QUEBRADA SHUGAR;TRABAJO PRESENCIAL;SIN OPERADOR
2;DIRECCION ZONAL DE LAMBAYEQUE;CO;106046;REQUE;TRABAJO PRESENCIAL;CLARO
2;DIRECCION ZONAL DE LAMBAYEQUE;CO;105053;SALLIQUE;TRABAJO PRESENCIAL;CLARO
2;DIRECCION ZONAL DE LAMBAYEQUE;CO;105058;SAN IGNACIO;TRABAJO REMOTO;CLARO
2;DIRECCION ZONAL DE LAMBAYEQUE;CO;106056;SANTA CRUZ;TRABAJO PRESENCIAL;CLARO
2;DIRECCION ZONAL DE LAMBAYEQUE;CO;104060;SANTA MARIA DE NIEVA;TRABAJO PRESENCIAL;MOVISTAR
2;DIRECCION ZONAL DE LAMBAYEQUE;CO;106036;SIPAN;TRABAJO PRESENCIAL;CLARO
2;DIRECCION ZONAL DE LAMBAYEQUE;CP;100136;TALLA (GUADALUPE);TRABAJO PRESENCIAL;CLARO
2;DIRECCION ZONAL DE LAMBAYEQUE;CP;106049;TINAJONES;#N/D;NO VYD
2;DIRECCION ZONAL DE LAMBAYEQUE;CO;106061;TOCMOCHE;TRABAJO PRESENCIAL;CLARO
2;DIRECCION ZONAL DE LAMBAYEQUE;CO;106068;UDIMA;TRABAJO PRESENCIAL;CLARO
3;DIRECCION ZONAL DE CAJAMARCA;CO;107018;ASUNCION;TRABAJO PRESENCIAL;CLARO
3;DIRECCION ZONAL DE CAJAMARCA;MAP;107028;AUGUSTO WEBERBAUER;TRABAJO PRESENCIAL;CLARO
3;DIRECCION ZONAL DE CAJAMARCA;PE;107033;AYLAMBO;POR ACTUALIZAR;SIN OPERADOR
3;DIRECCION ZONAL DE CAJAMARCA;PE;107068;CACHACHI;TRABAJO PRESENCIAL;CLARO
3;DIRECCION ZONAL DE CAJAMARCA;CO;108045;CACHICADAN;TRABAJO PRESENCIAL;CLARO
3;DIRECCION ZONAL DE CAJAMARCA;CO;107008;CAJABAMBA;TRABAJO PRESENCIAL;CLARO
3;DIRECCION ZONAL DE CAJAMARCA;CO;107054;CALLANCAS;TRABAJO PRESENCIAL;CLARO
3;DIRECCION ZONAL DE CAJAMARCA;CO;106010;CELENDIN;TRABAJO PRESENCIAL;CLARO
3;DIRECCION ZONAL DE CAJAMARCA;PLU;107058;CHILETE;TRABAJO PRESENCIAL;CLARO
3;DIRECCION ZONAL DE CAJAMARCA;PLU;106077;CHUGUR;TRABAJO PRESENCIAL;CLARO
3;DIRECCION ZONAL DE CAJAMARCA;CO;107052;CONTUMAZA;TRABAJO PRESENCIAL;CLARO
3;DIRECCION ZONAL DE CAJAMARCA;CO;100037;COSPAN;TRABAJO PRESENCIAL;SIN OPERADOR
3;DIRECCION ZONAL DE CAJAMARCA;CO;107002;GRANJA PORCON;TRABAJO PRESENCIAL;CLARO
3;DIRECCION ZONAL DE CAJAMARCA;CO;107009;HUAMACHUCO;TRABAJO PRESENCIAL;CLARO
3;DIRECCION ZONAL DE CAJAMARCA;PLU;107092;HUANGACOCHA;ADICIONALES;ADICIONALES
3;DIRECCION ZONAL DE CAJAMARCA;CO;107016;JESUS;TRABAJO PRESENCIAL;CLARO
3;DIRECCION ZONAL DE CAJAMARCA;PLU;108043;JULCAN;TRABAJO PRESENCIAL;CLARO
3;DIRECCION ZONAL DE CAJAMARCA;CO;107093;LA ENCAÑADA;TRABAJO PRESENCIAL;CLARO
3;DIRECCION ZONAL DE CAJAMARCA;PE;107035;LA VICTORIA;POR ACTUALIZAR;SIN OPERADOR
3;DIRECCION ZONAL DE CAJAMARCA;PLU;107055;LIVES;TRABAJO PRESENCIAL;CLARO
3;DIRECCION ZONAL DE CAJAMARCA;CO;106019;LLAPA;TRABAJO PRESENCIAL;CLARO
3;DIRECCION ZONAL DE CAJAMARCA;CO;107017;MAGDALENA;TRABAJO PRESENCIAL;CLARO
3;DIRECCION ZONAL DE CAJAMARCA;PE;108046;MOLLEPATA;TRABAJO PRESENCIAL;CLARO
3;DIRECCION ZONAL DE CAJAMARCA;CO;100090;MONTE GRANDE;TRABAJO PRESENCIAL;CLARO
3;DIRECCION ZONAL DE CAJAMARCA;CO;107037;NAMORA;TRABAJO PRESENCIAL;CLARO
3;DIRECCION ZONAL DE CAJAMARCA;CO;106039;QUILCATE;TRABAJO PRESENCIAL;MOVISTAR
3;DIRECCION ZONAL DE CAJAMARCA;PLU;108044;QUIRUVILCA;TRABAJO PRESENCIAL;CLARO
3;DIRECCION ZONAL DE CAJAMARCA;CO;108001;SALPO;TRABAJO PRESENCIAL;CLARO
3;DIRECCION ZONAL DE CAJAMARCA;CO;107057;SAN BENITO;TRABAJO PRESENCIAL;CLARO
3;DIRECCION ZONAL DE CAJAMARCA;CO;107005;SAN JUAN;TRABAJO PRESENCIAL;CLARO
3;DIRECCION ZONAL DE CAJAMARCA;CO;107006;SAN MARCOS;TRABAJO PRESENCIAL;CLARO
3;DIRECCION ZONAL DE CAJAMARCA;CO;106038;SAN MIGUEL;TRABAJO PRESENCIAL;CLARO
3;DIRECCION ZONAL DE CAJAMARCA;CO;107036;SAN PABLO;TRABAJO PRESENCIAL;CLARO
3;DIRECCION ZONAL DE CAJAMARCA;PLU;107059;SINSICAP;TERMINO CONTRATO;SIN OPERADOR 
3;DIRECCION ZONAL DE CAJAMARCA;CO;107038;SONDOR-MATARA;TRABAJO PRESENCIAL;CLARO
3;DIRECCION ZONAL DE CAJAMARCA;CO;108068;TRUJILLO;TRABAJO PRESENCIAL;CLARO
4;DIRECCION ZONAL DE LIMA;CO;109016;AIJA;TRABAJO PRESENCIAL;CLARO
4;DIRECCION ZONAL DE LIMA;MAP;111004;ALCANTARILLA;TRABAJO PRESENCIAL;CLARO
4;DIRECCION ZONAL DE LIMA;PLU;110042;AMBAR;TRABAJO PRESENCIAL;MOVISTAR
4;DIRECCION ZONAL DE LIMA;PLU;110057;ANDAJES;TRABAJO PRESENCIAL;CLARO
4;DIRECCION ZONAL DE LIMA;PE;112124;ANTIOQUIA;TRABAJO PRESENCIAL;NO VYD
4;DIRECCION ZONAL DE LIMA;PLU;111057;ARAHUAY;TRABAJO PRESENCIAL;CLARO
4;DIRECCION ZONAL DE LIMA;PLU;112128;AYAVIRI;TRABAJO PRESENCIAL;MOVISTAR
4;DIRECCION ZONAL DE LIMA;CO;109014;BUENA VISTA;TRABAJO PRESENCIAL;SIN OPERADOR
4;DIRECCION ZONAL DE LIMA;CP;108064;CABANA;TRABAJO PRESENCIAL;CLARO
4;DIRECCION ZONAL DE LIMA;CO;109046;CAJAMARQUILLA;TRABAJO PRESENCIAL;ENTEL
4;DIRECCION ZONAL DE LIMA;CO;110019;CAJATAMBO;TRABAJO REMOTO;CLARO
4;DIRECCION ZONAL DE LIMA;CO;110017;CAMAY;TRABAJO REMOTO;CLARO
4;DIRECCION ZONAL DE LIMA;CP;112171;CAMPO DE MARTE;TRABAJO REMOTO;CLARO
4;DIRECCION ZONAL DE LIMA;PLU;111058;CANCHACALLA;#N/D;#N/D
4;DIRECCION ZONAL DE LIMA;CP;111026;CANTA;TRABAJO PRESENCIAL;CLARO
4;DIRECCION ZONAL DE LIMA;PLU;111091;CARAMPOMA;TRABAJO PRESENCIAL;CLARO
4;DIRECCION ZONAL DE LIMA;PE;112133;CARANIA;TRABAJO PRESENCIAL;MOVISTAR
4;DIRECCION ZONAL DE LIMA;PLU;111114;CASAPALCA;TRABAJO PRESENCIAL;CLARO
4;DIRECCION ZONAL DE LIMA;PLU;109045;CHACCHAN;TRABAJO PRESENCIAL;MOVISTAR
4;DIRECCION ZONAL DE LIMA;CO;110039;CHAMANA;TRABAJO PRESENCIAL;SIN OPERADOR SIN DATA
4;DIRECCION ZONAL DE LIMA;CO;109019;CHAVIN;TRABAJO PRESENCIAL;SIN OPERADOR
4;DIRECCION ZONAL DE LIMA;CO;110018;CHIQUIAN;TRABAJO PRESENCIAL;CLARO
4;DIRECCION ZONAL DE LIMA;PLU;111060;CHOSICA;ADICIONALES;ADICIONALES
4;DIRECCION ZONAL DE LIMA;CP;111025;DONOSO;#N/D;NO VYD
4;DIRECCION ZONAL DE LIMA;PLU;110041;GORGOR;TRABAJO PRESENCIAL;MOVISTAR
4;DIRECCION ZONAL DE LIMA;PLU;111085;HUAMANTANGA;TRABAJO PRESENCIAL;MOVISTAR
4;DIRECCION ZONAL DE LIMA;PLU;112080;HUANCATA;TRABAJO PRESENCIAL;MOVISTAR
4;DIRECCION ZONAL DE LIMA;PE;112134;HUANGASCAR;TRABAJO PRESENCIAL;MOVISTAR
4;DIRECCION ZONAL DE LIMA;PLU;112127;HUAÑEC;TRABAJO PRESENCIAL;CLARO
4;DIRECCION ZONAL DE LIMA;CO;110016;HUARMEY;TRABAJO REMOTO;CLARO
4;DIRECCION ZONAL DE LIMA;CO;112055;HUAROCHIRI;TRABAJO REMOTO;CLARO
4;DIRECCION ZONAL DE LIMA;PLU;111089;HUAROS;TRABAJO REMOTO;SIN OPERADOR
4;DIRECCION ZONAL DE LIMA;CO;111022;HUAYAN;TRABAJO PRESENCIAL;CLARO
4;DIRECCION ZONAL DE LIMA;CO;112054;LA CAPILLA 2;#N/D;NO VYD
4;DIRECCION ZONAL DE LIMA;PLU;111088;LACHAQUI;TRABAJO PRESENCIAL;CLARO
4;DIRECCION ZONAL DE LIMA;CO;111018;LOMAS DE LACHAY;TRABAJO PRESENCIAL;CLARO
4;DIRECCION ZONAL DE LIMA;CO;109038;MALVAS;TRABAJO PRESENCIAL;ENTEL
4;DIRECCION ZONAL DE LIMA;CO;111028;MARCAPOMACOCHA;TRABAJO PRESENCIAL;CLARO
4;DIRECCION ZONAL DE LIMA;CO;111027;MATUCANA;TRABAJO PRESENCIAL;CLARO
4;DIRECCION ZONAL DE LIMA;PLU;110040;MAYORARCA;TRABAJO PRESENCIAL;MOVISTAR
4;DIRECCION ZONAL DE LIMA;CO;111023;ÑAÑA;TRABAJO REMOTO;CLARO
4;DIRECCION ZONAL DE LIMA;PLU;111159;OBRAJILLO;ADICIONALES;ADICIONALES
4;DIRECCION ZONAL DE LIMA;PLU;110051;OCROS;TRABAJO PRESENCIAL;MOVISTAR
4;DIRECCION ZONAL DE LIMA;CO;110020;OYON;TRABAJO PRESENCIAL;CLARO
4;DIRECCION ZONAL DE LIMA;CO;112058;PACARAN;TRABAJO PRESENCIAL;CLARO
4;DIRECCION ZONAL DE LIMA;PLU;110056;PACCHO;TRABAJO REMOTO;MOVISTAR
4;DIRECCION ZONAL DE LIMA;PLU;111084;PACHAMACHAY;TRABAJO PRESENCIAL;CLARO
4;DIRECCION ZONAL DE LIMA;CP;110015;PARAMONGA;#N/D;NO VYD
4;DIRECCION ZONAL DE LIMA;PLU;111067;PARIACANCHA;ADICIONALES;ADICIONALES
4;DIRECCION ZONAL DE LIMA;CO;109040;PARIACOTO;TRABAJO PRESENCIAL;ENTEL
4;DIRECCION ZONAL DE LIMA;PLU;110063;PARQUIN;TRABAJO PRESENCIAL;CLARO
4;DIRECCION ZONAL DE LIMA;CO;110021;PICOY;TRABAJO PRESENCIAL;CLARO
4;DIRECCION ZONAL DE LIMA;PLU;109048;PIRA;TRABAJO REMOTO;CLARO
4;DIRECCION ZONAL DE LIMA;PLU;111087;PIRCA;TRABAJO PRESENCIAL;CLARO
4;DIRECCION ZONAL DE LIMA;CO;108010;PISCOBAMBA;#N/D;NO VYD
4;DIRECCION ZONAL DE LIMA;CO;108103;PISCOBAMBA II;TRABAJO PRESENCIAL;CLARO
4;DIRECCION ZONAL DE LIMA;CO;108017;POMABAMBA;TRABAJO PRESENCIAL;CLARO
4;DIRECCION ZONAL DE LIMA;CO;109017;RECUAY;TRABAJO REMOTO;SIN OPERADOR
4;DIRECCION ZONAL DE LIMA;PLU;111061;RIO BLANCO;ADICIONALES;ADICIONALES
4;DIRECCION ZONAL DE LIMA;CO;112126;SAN LAZARO DE ESCOMARCA;TRABAJO PRESENCIAL;CLARO
4;DIRECCION ZONAL DE LIMA;PLU;111175;SAN MATEO DE HUANCHOR;ADICIONALES;ADICIONALES
4;DIRECCION ZONAL DE LIMA;PLU;111291;SAN MATEO DE OTAO;TRABAJO PRESENCIAL;ENTEL
4;DIRECCION ZONAL DE LIMA;PLU;112081;SAN PEDRO DE PILAS;TRABAJO REMOTO;MOVISTAR
4;DIRECCION ZONAL DE LIMA;PLU;111081;SANTA CRUZ;TRABAJO PRESENCIAL;MOVISTAR
4;DIRECCION ZONAL DE LIMA;PLU;111086;SANTA EULALIA;ADICIONALES;ADICIONALES
4;DIRECCION ZONAL DE LIMA;MAP;109009;SANTIAGO ANTUNEZ DE MAYOLO;TRABAJO REMOTO;SIN OPERADOR SIN DATA
4;DIRECCION ZONAL DE LIMA;PLU;111092;SANTIAGO DE TUNA;TRABAJO PRESENCIAL;ENTEL
4;DIRECCION ZONAL DE LIMA;PLU;111062;SHEQUE;TRABAJO PRESENCIAL;CLARO
4;DIRECCION ZONAL DE LIMA;CO;108047;SIHUAS;TRABAJO PRESENCIAL;CLARO
4;DIRECCION ZONAL DE LIMA;PE;113140;SOCSI CAÑETE;TRABAJO PRESENCIAL;CLARO
4;DIRECCION ZONAL DE LIMA;PE;112130;TANTA;TRABAJO PRESENCIAL;CLARO
4;DIRECCION ZONAL DE LIMA;PLU;111066;TINGO;TRABAJO PRESENCIAL;SIN OPERADOR
4;DIRECCION ZONAL DE LIMA;CP;111163;UNJF SANCHEZ CARRION - HUACHO;TRABAJO PRESENCIAL;SIN OPERADOR
4;DIRECCION ZONAL DE LIMA;CO;111076;YANTAC;TRABAJO REMOTO;CLARO
4;DIRECCION ZONAL DE LIMA;PLU;111099;YAULI;ADICIONALES;ADICIONALES
4;DIRECCION ZONAL DE LIMA;CO;112057;YAUYOS;TRABAJO PRESENCIAL;CLARO
4;DIRECCION ZONAL DE LIMA;CO;109018;YUNGAY;TRABAJO PRESENCIAL;CLARO
5;DIRECCION ZONAL DE ICA;CO;113128;CHALLACA CO;TRABAJO PRESENCIAL;MOVISTAR
5;DIRECCION ZONAL DE ICA;PLU;100025;CHALLACA PLU;TRABAJO PRESENCIAL;CLARO
5;DIRECCION ZONAL DE ICA;CO;100026;CHAPARRA;TRABAJO PRESENCIAL;CLARO
5;DIRECCION ZONAL DE ICA;CO;113101;CHILCAYOC;TRABAJO PRESENCIAL;MOVISTAR
5;DIRECCION ZONAL DE ICA;CP;114018;COPARA;TRABAJO PRESENCIAL;CLARO
5;DIRECCION ZONAL DE ICA;CO;115015;CORACORA;TRABAJO REMOTO;CLARO
5;DIRECCION ZONAL DE ICA;PLU;114065;CORDOVA;TRABAJO REMOTO;MOVISTAR
5;DIRECCION ZONAL DE ICA;CO;113086;CUSICANCHA;TRABAJO PRESENCIAL;CLARO
5;DIRECCION ZONAL DE ICA;MAP;100043;FONAGRO (CHINCHA);TRABAJO PRESENCIAL;CLARO
5;DIRECCION ZONAL DE ICA;CO;100046;HACIENDA BERNALES;TRABAJO PRESENCIAL;CLARO
5;DIRECCION ZONAL DE ICA;CO;113067;HUACHOS;TRABAJO PRESENCIAL;CLARO
5;DIRECCION ZONAL DE ICA;CO;114055;HUAC-HUAS;TRABAJO PRESENCIAL;CLARO
5;DIRECCION ZONAL DE ICA;CO;113010;HUAMANI;TRABAJO PRESENCIAL;CLARO
5;DIRECCION ZONAL DE ICA;CO;113009;HUANCANO;TRABAJO PRESENCIAL;MOVISTAR
5;DIRECCION ZONAL DE ICA;CO;100055;HUANCASANCOS;TRABAJO PRESENCIAL;CLARO
5;DIRECCION ZONAL DE ICA;PLU;115076;LAMPA;TRABAJO PRESENCIAL;CLARO
5;DIRECCION ZONAL DE ICA;PLU;113153;LETRAYOC;TRABAJO PRESENCIAL;SIN OPERADOR
5;DIRECCION ZONAL DE ICA;CO;115133;LOMAS;TRABAJO PRESENCIAL;CLARO
5;DIRECCION ZONAL DE ICA;PLU;114072;LUCANAS;TRABAJO PRESENCIAL;CLARO
5;DIRECCION ZONAL DE ICA;CO;114020;OCUCAJE;TRABAJO PRESENCIAL;CLARO
5;DIRECCION ZONAL DE ICA;CO;114021;PALPA;TRABAJO PRESENCIAL;CLARO
5;DIRECCION ZONAL DE ICA;PE;114066;PAMPA BLANCA;TRABAJO PRESENCIAL;MOVISTAR
5;DIRECCION ZONAL DE ICA;CO;114044;PAUCARAY;TRABAJO PRESENCIAL;CLARO
5;DIRECCION ZONAL DE ICA;CO;115017;PAUZA;TRABAJO PRESENCIAL;CLARO
5;DIRECCION ZONAL DE ICA;CO;114023;PUQUIO;TRABAJO PRESENCIAL;CLARO
5;DIRECCION ZONAL DE ICA;CO;114006;RIO GRANDE;TRABAJO PRESENCIAL;CLARO
5;DIRECCION ZONAL DE ICA;MAP;114008;SAN CAMILO;TRABAJO PRESENCIAL;CLARO
5;DIRECCION ZONAL DE ICA;CO;113082;SAN JUAN DE CASTROVIRREYNA;TRABAJO PRESENCIAL;SIN OPERADOR
5;DIRECCION ZONAL DE ICA;CO;113081;SAN JUAN DE YANAC;TRABAJO PRESENCIAL;CLARO
5;DIRECCION ZONAL DE ICA;CO;113061;SAN PEDRO DE HUACARPANA;TRABAJO PRESENCIAL;MOVISTAR
5;DIRECCION ZONAL DE ICA;CO;113088;SANTIAGO DE CHOCORVOS;TRABAJO PRESENCIAL;MOVISTAR
5;DIRECCION ZONAL DE ICA;CO;113058;TACAMA;TRABAJO REMOTO;CLARO
5;DIRECCION ZONAL DE ICA;CO;113087;TAMBO;TRABAJO REMOTO;MOVISTAR
6;DIRECCION ZONAL DE AREQUIPA;CO;115085;ANDAHUA;TRABAJO PRESENCIAL;CLARO
6;DIRECCION ZONAL DE AREQUIPA;CO;116014;APLAO;TRABAJO PRESENCIAL;CLARO
6;DIRECCION ZONAL DE AREQUIPA;CO;115134;AYO;#N/D;#N/D
6;DIRECCION ZONAL DE AREQUIPA;CO;115088;AYO;TRABAJO PRESENCIAL;MOVISTAR
6;DIRECCION ZONAL DE AREQUIPA;CO;115041;CABANACONDE;TRABAJO PRESENCIAL;CLARO
6;DIRECCION ZONAL DE AREQUIPA;CO;116013;CAMANA;TRABAJO PRESENCIAL;CLARO
6;DIRECCION ZONAL DE AREQUIPA;CO;115018;CARAVELI;TRABAJO PRESENCIAL;CLARO
6;DIRECCION ZONAL DE AREQUIPA;CO;115022;CAYLLOMA;TRABAJO PRESENCIAL;CLARO
6;DIRECCION ZONAL DE AREQUIPA;CO;115087;CHACHAS;TRABAJO PRESENCIAL;SIN OPERADOR
6;DIRECCION ZONAL DE AREQUIPA;CO;115078;CHICHAS;TRABAJO PRESENCIAL;CLARO
6;DIRECCION ZONAL DE AREQUIPA;CO;116020;CHIGUATA;TRABAJO PRESENCIAL;CLARO
6;DIRECCION ZONAL DE AREQUIPA;CO;115025;CHIVAY;TRABAJO PRESENCIAL;CLARO
6;DIRECCION ZONAL DE AREQUIPA;CO;115089;CHOCO;TRABAJO PRESENCIAL;MOVISTAR
6;DIRECCION ZONAL DE AREQUIPA;CO;115020;CHUQUIBAMBA;TRABAJO PRESENCIAL;CLARO
6;DIRECCION ZONAL DE AREQUIPA;CO;115019;COTAHUASI;TRABAJO PRESENCIAL;CLARO
6;DIRECCION ZONAL DE AREQUIPA;CO;115044;CRUCERO ALTO;TRABAJO PRESENCIAL;CLARO
6;DIRECCION ZONAL DE AREQUIPA;CO;115090;HUAMBO;TRABAJO PRESENCIAL;MOVISTAR
6;DIRECCION ZONAL DE AREQUIPA;CO;116058;HUANCA;TRABAJO PRESENCIAL;CLARO
6;DIRECCION ZONAL DE AREQUIPA;CO;116003;HUASACACHE;TRABAJO PRESENCIAL;CLARO
6;DIRECCION ZONAL DE AREQUIPA;CO;115029;IMATA;TRABAJO PRESENCIAL;CLARO
6;DIRECCION ZONAL DE AREQUIPA;CO;117006;LA HACIENDITA;TRABAJO PRESENCIAL;SIN OPERADOR
6;DIRECCION ZONAL DE AREQUIPA;CO;116059;LA HACIENDITA;#N/D;#N/D
6;DIRECCION ZONAL DE AREQUIPA;MAP;116005;LA JOYA;TRABAJO PRESENCIAL;CLARO
6;DIRECCION ZONAL DE AREQUIPA;MAP;116017;LA PAMPILLA;TRABAJO PRESENCIAL;CLARO
6;DIRECCION ZONAL DE AREQUIPA;CO;116046;LAS SALINAS;TRABAJO PRESENCIAL;SIN OPERADOR
6;DIRECCION ZONAL DE AREQUIPA;CO;115129;MACHAHUAY;TRABAJO PRESENCIAL;CLARO
6;DIRECCION ZONAL DE AREQUIPA;CO;115092;MADRIGAL;TRABAJO PRESENCIAL;CLARO
6;DIRECCION ZONAL DE AREQUIPA;CO;115086;ORCOPAMPA;TRABAJO PRESENCIAL;CLARO
6;DIRECCION ZONAL DE AREQUIPA;CP;117005;PAMPA BLANCA;TRABAJO PRESENCIAL;CLARO
6;DIRECCION ZONAL DE AREQUIPA;CO;116043;PAMPA DE ARRIEROS;TRABAJO PRESENCIAL;SIN OPERADOR
6;DIRECCION ZONAL DE AREQUIPA;MAP;116006;PAMPA DE MAJES;TRABAJO PRESENCIAL;CLARO
6;DIRECCION ZONAL DE AREQUIPA;CO;115021;PAMPACOLCA;TRABAJO PRESENCIAL;CLARO
6;DIRECCION ZONAL DE AREQUIPA;CO;116073;PATAHUASI-AREQUIPA;#N/D;SIN OPERADOR SIN DATA
6;DIRECCION ZONAL DE AREQUIPA;CO;115126;PILLONES;TRABAJO PRESENCIAL;CLARO
6;DIRECCION ZONAL DE AREQUIPA;CO;115101;PORPERA;TRABAJO PRESENCIAL;SIN OPERADOR
6;DIRECCION ZONAL DE AREQUIPA;CO;115082;PUICA;TRABAJO PRESENCIAL;SIN OPERADOR
6;DIRECCION ZONAL DE AREQUIPA;CO;115084;PULLHUAY (AYAHUASI);TRABAJO PRESENCIAL;SIN OPERADOR
6;DIRECCION ZONAL DE AREQUIPA;CO;116011;PUNTA ATICO;TRABAJO PRESENCIAL;CLARO
6;DIRECCION ZONAL DE AREQUIPA;CO;115043;SALAMANCA;TRABAJO REMOTO;MOVISTAR
6;DIRECCION ZONAL DE AREQUIPA;CO;115024;SIBAYO;TRABAJO PRESENCIAL;CLARO
6;DIRECCION ZONAL DE AREQUIPA;CO;115098;TISCO;TRABAJO PRESENCIAL;SIN OPERADOR
6;DIRECCION ZONAL DE AREQUIPA;CO;100142;UBINAS;TRABAJO PRESENCIAL;CLARO
6;DIRECCION ZONAL DE AREQUIPA;CO;115128;YANAQUIHUA;TRABAJO PRESENCIAL;CLARO
7;DIRECCION ZONAL DE TACNA;CO;117054;ARICOTA;TRABAJO REMOTO;SIN OPERADOR
7;DIRECCION ZONAL DE TACNA;CO;100016;BOCATOMA;TRABAJO PRESENCIAL;MOVISTAR
7;DIRECCION ZONAL DE TACNA;PLU;100007;BOCATOMA;#N/D;#N/D
7;DIRECCION ZONAL DE TACNA;CO;117030;CAIRANI;TRABAJO PRESENCIAL;CLARO
7;DIRECCION ZONAL DE TACNA;CO;116051;CALACOA;TRABAJO PRESENCIAL;CLARO
7;DIRECCION ZONAL DE TACNA;CP;117003;CALANA;TRABAJO PRESENCIAL;CLARO
7;DIRECCION ZONAL DE TACNA;PLU;117035;CALIENTES;#N/D;#N/D
7;DIRECCION ZONAL DE TACNA;CO;117015;CALIENTES;TRABAJO PRESENCIAL;MOVISTAR
7;DIRECCION ZONAL DE TACNA;CO;117019;CANDARAVE;TRABAJO PRESENCIAL;CLARO
7;DIRECCION ZONAL DE TACNA;CO;116025;CARUMAS;TRABAJO PRESENCIAL;CLARO
7;DIRECCION ZONAL DE TACNA;CO;117013;CHUAPALCA;TRABAJO PRESENCIAL;SIN OPERADOR
7;DIRECCION ZONAL DE TACNA;CO;117016;ILABAYA;TRABAJO PRESENCIAL;CLARO
7;DIRECCION ZONAL DE TACNA;CO;117007;ILO;TRABAJO PRESENCIAL;CLARO
7;DIRECCION ZONAL DE TACNA;CO;117012;ITE;TRABAJO PRESENCIAL;CLARO
7;DIRECCION ZONAL DE TACNA;MAP;118004;JORGE BASADRE;TRABAJO PRESENCIAL;CLARO
7;DIRECCION ZONAL DE TACNA;CO;117049;LA FRONTERA;#N/D;#N/D
7;DIRECCION ZONAL DE TACNA;CP;118002;LA YARADA;TRABAJO PRESENCIAL;CLARO
7;DIRECCION ZONAL DE TACNA;CO;117010;LOCUMBA;#N/D;#N/D
7;DIRECCION ZONAL DE TACNA;CP;117002;MOQUEGUA;TRABAJO PRESENCIAL;CLARO
7;DIRECCION ZONAL DE TACNA;CO;116023;OMATE;TRABAJO PRESENCIAL;CLARO
7;DIRECCION ZONAL DE TACNA;PLU;117024;OTORA;ADICIONALES;ADICIONALES
7;DIRECCION ZONAL DE TACNA;CO;117037;PALCA;TRABAJO PRESENCIAL;CLARO
7;DIRECCION ZONAL DE TACNA;CO;116052;PAMPA UMALZO (TITIJONES);TRABAJO PRESENCIAL;SIN OPERADOR
7;DIRECCION ZONAL DE TACNA;CO;117043;PAUCARANI;TRABAJO PRESENCIAL;SIN OPERADOR
7;DIRECCION ZONAL DE TACNA;CO;117008;PUNTA COLES;TRABAJO REMOTO;CLARO
7;DIRECCION ZONAL DE TACNA;CO;116021;PUQUINA;TRABAJO PRESENCIAL;CLARO
7;DIRECCION ZONAL DE TACNA;CO;116049;QUINISTAQUILLAS;TRABAJO PRESENCIAL;MOVISTAR
7;DIRECCION ZONAL DE TACNA;CO;117018;SAMA GRANDE;TRABAJO PRESENCIAL;CLARO
7;DIRECCION ZONAL DE TACNA;PLU;117034;SITAJARA;#N/D;NO VYD
7;DIRECCION ZONAL DE TACNA;CO;117033;SUSAPAYA;TRABAJO PRESENCIAL;CLARO
7;DIRECCION ZONAL DE TACNA;CO;117039;TALABAYA;TRABAJO PRESENCIAL;SIN OPERADOR
7;DIRECCION ZONAL DE TACNA;CO;117020;TARATA;TRABAJO PRESENCIAL;CLARO
7;DIRECCION ZONAL DE TACNA;PLU;117031;TUMILACA;ADICIONALES;ADICIONALES
7;DIRECCION ZONAL DE TACNA;CO;117014;VILACOTA;TRABAJO PRESENCIAL;SIN OPERADOR
7;DIRECCION ZONAL DE TACNA;CO;100150;YACANGO;TRABAJO PRESENCIAL;CLARO
8;DIRECCION ZONAL DE LORETO;CO;103057;AMAZONAS;TRABAJO PRESENCIAL;CLARO
8;DIRECCION ZONAL DE LORETO;CO;105078;ANGAMOS;TRABAJO PRESENCIAL;MOVISTAR
8;DIRECCION ZONAL DE LORETO;PE;104067;BAGAZAN;TRABAJO PRESENCIAL;MOVISTAR
8;DIRECCION ZONAL DE LORETO;PLU;103012;BELLAVISTA;TRABAJO REMOTO;ENTEL
8;DIRECCION ZONAL DE LORETO;PE;105090;BRETAÑA;TRABAJO PRESENCIAL/DEL_SALUD;ENTEL
8;DIRECCION ZONAL DE LORETO;CO;103031;CABALLOCOCHA;TRABAJO REMOTO;CLARO
8;DIRECCION ZONAL DE LORETO;CO;100034;CONTAMANA;TRABAJO PRESENCIAL;CLARO
8;DIRECCION ZONAL DE LORETO;CO;102006;EL ESTRECHO;TRABAJO PRESENCIAL;CLARO
8;DIRECCION ZONAL DE LORETO;PE;105092;FLOR DE PUNGA;TRABAJO PRESENCIAL;ENTEL
8;DIRECCION ZONAL DE LORETO;CO;103024;FRANCISCO ORELLANA;TRABAJO PRESENCIAL;ENTEL
8;DIRECCION ZONAL DE LORETO;CP;104071;GENARO HERRERA;TRABAJO REMOTO;CLARO
8;DIRECCION ZONAL DE LORETO;PLU;100080;LAGUNAS;TRABAJO PRESENCIAL;CLARO
8;DIRECCION ZONAL DE LORETO;PE;103009;MANITI;TRABAJO PRESENCIAL;ENTEL
8;DIRECCION ZONAL DE LORETO;CP;103044;MAZAN;TRABAJO PRESENCIAL;CLARO
8;DIRECCION ZONAL DE LORETO;CP;103023;MORALILLO;TRABAJO PRESENCIAL;SIN OPERADOR
8;DIRECCION ZONAL DE LORETO;CO;104056;NAUTA;TRABAJO REMOTO;CLARO
8;DIRECCION ZONAL DE LORETO;CO;103054;PEBAS;TRABAJO PRESENCIAL;CLARO
8;DIRECCION ZONAL DE LORETO;CO;103046;PUERTO ALMENDRA;TRABAJO PRESENCIAL;CLARO
8;DIRECCION ZONAL DE LORETO;PE;103015;PUNCHANA;TRABAJO PRESENCIAL;CLARO
8;DIRECCION ZONAL DE LORETO;CO;105095;REQUENA;TRABAJO PRESENCIAL;CLARO
8;DIRECCION ZONAL DE LORETO;CO;104057;SAN LORENZO;TRABAJO PRESENCIAL;CLARO
8;DIRECCION ZONAL DE LORETO;PE;104098;SAN REGIS;ADICIONALES;ADICIONALES
8;DIRECCION ZONAL DE LORETO;CP;103052;SAN ROQUE;TRABAJO REMOTO;CLARO
8;DIRECCION ZONAL DE LORETO;CO;102009;SANTA CLOTILDE;TRABAJO PRESENCIAL;ENTEL
8;DIRECCION ZONAL DE LORETO;PLU;103030;SANTA MARIA DE NANAY;ADICIONALES;ADICIONALES
8;DIRECCION ZONAL DE LORETO;PLU;104010;SANTA ROSA;TRABAJO PRESENCIAL;ENTEL
8;DIRECCION ZONAL DE LORETO;PLU;105091;TAMANCO;TRABAJO REMOTO;ENTEL
8;DIRECCION ZONAL DE LORETO;CO;103049;TAMSHIYACU;TRABAJO PRESENCIAL;CLARO
8;DIRECCION ZONAL DE LORETO;PLU;103011;TIMICURILLO;TRABAJO REMOTO;ENTEL
9;DIRECCION ZONAL DE SAN MARTIN;CO;106092;ALAO;TRABAJO REMOTO;CLARO
9;DIRECCION ZONAL DE SAN MARTIN;CO;107012;BELLAVISTA;TRABAJO REMOTO;CLARO
9;DIRECCION ZONAL DE SAN MARTIN;CO;100019;CAMPANILLA;TRABAJO PRESENCIAL;SIN OPERADOR SIN DATA
9;DIRECCION ZONAL DE SAN MARTIN;CO;106101;CHAZUTA;TRABAJO PRESENCIAL;CLARO
9;DIRECCION ZONAL DE SAN MARTIN;PLU;106094;CUÑUMBUQUE;TRABAJO PRESENCIAL;CLARO
9;DIRECCION ZONAL DE SAN MARTIN;CO;107069;DOS DE MAYO (J. OLAYA);TRABAJO REMOTO;MOVISTAR
9;DIRECCION ZONAL DE SAN MARTIN;MAP;106040;EL PORVENIR;TRABAJO PRESENCIAL;CLARO
9;DIRECCION ZONAL DE SAN MARTIN;CO;106088;JEPELACIO;TRABAJO PRESENCIAL;CLARO
9;DIRECCION ZONAL DE SAN MARTIN;CO;106016;LAMAS;TRABAJO REMOTO;CLARO
9;DIRECCION ZONAL DE SAN MARTIN;CO;106014;MOYOBAMBA;TRABAJO PRESENCIAL;CLARO
9;DIRECCION ZONAL DE SAN MARTIN;CO;105103;NARANJILLO;TRABAJO PRESENCIAL;CLARO
9;DIRECCION ZONAL DE SAN MARTIN;CO;106018;NAVARRO;TRABAJO REMOTO;MOVISTAR
9;DIRECCION ZONAL DE SAN MARTIN;CO;107089;NUEVO LIMA;TRABAJO PRESENCIAL;NO VYD
9;DIRECCION ZONAL DE SAN MARTIN;CO;110127;PACAYZAPA;TRABAJO PRESENCIAL;CLARO
9;DIRECCION ZONAL DE SAN MARTIN;CO;107010;PACHIZA;TRABAJO REMOTO;CLARO
9;DIRECCION ZONAL DE SAN MARTIN;CO;106112;PELEJO;TRABAJO PRESENCIAL;SIN OPERADOR SIN DATA
9;DIRECCION ZONAL DE SAN MARTIN;PLU;106095;PICOTA;TRABAJO PRESENCIAL;CLARO
9;DIRECCION ZONAL DE SAN MARTIN;CO;106098;PILLUANA;TRABAJO PRESENCIAL;CLARO
9;DIRECCION ZONAL DE SAN MARTIN;CO;100104;PONGO DE CAYNARACHI;TRABAJO PRESENCIAL;CLARO
9;DIRECCION ZONAL DE SAN MARTIN;PLU;106110;PUCALLPA - HUIMBAYOC;TRABAJO PRESENCIAL;MOVISTAR
9;DIRECCION ZONAL DE SAN MARTIN;CO;106013;RIOJA;TERMINO CONTRATO;CLARO
9;DIRECCION ZONAL DE SAN MARTIN;CO;106096;SAN ANTONIO;TRABAJO PRESENCIAL;CLARO
9;DIRECCION ZONAL DE SAN MARTIN;CO;106091;SAN PABLO;TRABAJO PRESENCIAL;CLARO
9;DIRECCION ZONAL DE SAN MARTIN;CP;100128;SAN RAMON;TRABAJO REMOTO;CLARO
9;DIRECCION ZONAL DE SAN MARTIN;CO;106032;SAPOSOA;TRABAJO PRESENCIAL;CLARO
9;DIRECCION ZONAL DE SAN MARTIN;CO;106017;SAUCE;TRABAJO PRESENCIAL;CLARO
9;DIRECCION ZONAL DE SAN MARTIN;PLU;107091;SHAMBOYACU;TRABAJO PRESENCIAL;NO VYD
9;DIRECCION ZONAL DE SAN MARTIN;PLU;106115;SHANAO;TRABAJO REMOTO;CLARO
9;DIRECCION ZONAL DE SAN MARTIN;CO;100132;SHANUSI;TRABAJO PRESENCIAL;SIN OPERADOR SIN DATA
9;DIRECCION ZONAL DE SAN MARTIN;CO;106083;SORITOR;TRABAJO REMOTO;CLARO
9;DIRECCION ZONAL DE SAN MARTIN;CO;106043;TABALOSOS;TRABAJO REMOTO;CLARO
9;DIRECCION ZONAL DE SAN MARTIN;CO;100138;TARAPOTO;TRABAJO PRESENCIAL;CLARO
9;DIRECCION ZONAL DE SAN MARTIN;CO;106119;TINGO DE PONAZA;TRABAJO PRESENCIAL;CLARO
10;DIRECCION ZONAL DE HUANUCO;CO;108028;AGUAYTIA;TRABAJO PRESENCIAL;CLARO
10;DIRECCION ZONAL DE HUANUCO;CO;108033;AUCAYACU;TRABAJO PRESENCIAL;CLARO
10;DIRECCION ZONAL DE HUANUCO;CO;100020;CANCHAN;TRABAJO REMOTO;CLARO
10;DIRECCION ZONAL DE HUANUCO;CO;109020;CARPISH;TRABAJO PRESENCIAL;CLARO
10;DIRECCION ZONAL DE HUANUCO;CO;109021;CHAGLLA;TRABAJO PRESENCIAL;CLARO
10;DIRECCION ZONAL DE HUANUCO;CO;109077;DOS DE MAYO;TRABAJO PRESENCIAL;CLARO
10;DIRECCION ZONAL DE HUANUCO;CP;108027;EL MARONAL;TRABAJO REMOTO;SIN OPERADOR SIN DATA
10;DIRECCION ZONAL DE HUANUCO;CP;109003;HUANUCO;TRABAJO PRESENCIAL;CLARO
10;DIRECCION ZONAL DE HUANUCO;CO;109022;JACAS CHICO;TRABAJO PRESENCIAL;CLARO
10;DIRECCION ZONAL DE HUANUCO;CO;108025;LA DIVISORIA;TRABAJO PRESENCIAL;CLARO
10;DIRECCION ZONAL DE HUANUCO;CO;108026;LAS PALMERAS DE UCAYALI;CESE;SIN OPERADOR SIN DATA
10;DIRECCION ZONAL DE HUANUCO;CO;109032;PUERTO INCA;TRABAJO PRESENCIAL;CLARO
10;DIRECCION ZONAL DE HUANUCO;CO;100121;SAN ALEJANDRO;TRABAJO PRESENCIAL;CLARO
10;DIRECCION ZONAL DE HUANUCO;CO;110025;SAN RAFAEL;TRABAJO PRESENCIAL;CLARO
10;DIRECCION ZONAL DE HUANUCO;CP;100137;TANANTA;TRABAJO PRESENCIAL;CLARO
10;DIRECCION ZONAL DE HUANUCO;CP;109027;TINGO MARIA;TRABAJO PRESENCIAL;CLARO
10;DIRECCION ZONAL DE HUANUCO;CO;108034;TOURNAVISTA;TRABAJO PRESENCIAL;CLARO
10;DIRECCION ZONAL DE HUANUCO;MAP;109028;TULUMAYO;TRABAJO PRESENCIAL;CLARO
11;DIRECCION ZONAL DE JUNIN;CO;112067;ACOBAMBA;TRABAJO PRESENCIAL;CLARO
11;DIRECCION ZONAL DE JUNIN;CO;111174;ACOPALCA;TRABAJO PRESENCIAL;MOVISTAR
11;DIRECCION ZONAL DE JUNIN;CO;112051;ACOSTAMBO;TRABAJO PRESENCIAL;CLARO
11;DIRECCION ZONAL DE JUNIN;CO;110037;CERRO DE PASCO;TRABAJO PRESENCIAL;CLARO
11;DIRECCION ZONAL DE JUNIN;CO;112163;COLCABAMBA;TRABAJO PRESENCIAL;CLARO
11;DIRECCION ZONAL DE JUNIN;CO;111031;COMAS;TRABAJO PRESENCIAL;MOVISTAR
11;DIRECCION ZONAL DE JUNIN;CO;112142;HUANCALPI;TRABAJO PRESENCIAL;CLARO
11;DIRECCION ZONAL DE JUNIN;CO;113022;HUANCAPI;TRABAJO PRESENCIAL;CLARO
11;DIRECCION ZONAL DE JUNIN;CO;112061;HUANCAVELICA;TRABAJO PRESENCIAL;CLARO
11;DIRECCION ZONAL DE JUNIN;CO;112068;HUANTA;Trabajo Presencial;CLARO
11;DIRECCION ZONAL DE JUNIN;CO;111030;HUASAHUASI;TRABAJO PRESENCIAL;CLARO
11;DIRECCION ZONAL DE JUNIN;CP;112056;HUAYAO;TRABAJO PRESENCIAL;CLARO
11;DIRECCION ZONAL DE JUNIN;CO;111097;INGENIO;TRABAJO PRESENCIAL;CLARO
11;DIRECCION ZONAL DE JUNIN;CO;111005;JAUJA;TRABAJO PRESENCIAL;CLARO
11;DIRECCION ZONAL DE JUNIN;CO;111583;JUNIN;TRABAJO PRESENCIAL;CLARO
11;DIRECCION ZONAL DE JUNIN;CO;111046;LA OROYA;TRABAJO PRESENCIAL;CLARO
11;DIRECCION ZONAL DE JUNIN;CO;113021;LA QUINUA;TRABAJO PRESENCIAL;CLARO
11;DIRECCION ZONAL DE JUNIN;CO;112059;LAIVE;TRABAJO PRESENCIAL;CLARO
11;DIRECCION ZONAL DE JUNIN;CO;112065;LIRCAY;TRABAJO PRESENCIAL;CLARO
11;DIRECCION ZONAL DE JUNIN;CO;110028;OXAPAMPA;TRABAJO PRESENCIAL;CLARO
11;DIRECCION ZONAL DE JUNIN;CO;112012;PAMPAS;TRABAJO PRESENCIAL;CLARO
11;DIRECCION ZONAL DE JUNIN;CO;112066;PAUCARBAMBA;TRABAJO PRESENCIAL;SIN OPERADOR
11;DIRECCION ZONAL DE JUNIN;CO;110008;PICHANAKI;TRABAJO PRESENCIAL;CLARO
11;DIRECCION ZONAL DE JUNIN;CO;112060;PILCHACA;TRABAJO PRESENCIAL;CLARO
11;DIRECCION ZONAL DE JUNIN;CO;110027;POZUZO;TRABAJO REMOTO;CLARO
11;DIRECCION ZONAL DE JUNIN;CO;111039;PUERTO OCOPA;TRABAJO PRESENCIAL;CLARO
11;DIRECCION ZONAL DE JUNIN;CO;111095;RICRAN;TRABAJO PRESENCIAL;CLARO
11;DIRECCION ZONAL DE JUNIN;CO;100119;RUNATULLO;TRABAJO PRESENCIAL;CLARO
11;DIRECCION ZONAL DE JUNIN;CO;100120;SALCABAMBA;TRABAJO PRESENCIAL;CLARO
11;DIRECCION ZONAL DE JUNIN;CO;112028;SAN JUAN DE JARPA;TRABAJO PRESENCIAL;CLARO
11;DIRECCION ZONAL DE JUNIN;CO;100127;SAN PEDRO DE CACHI;TRABAJO PRESENCIAL;CLARO
11;DIRECCION ZONAL DE JUNIN;MAP;112083;SANTA ANA;TRABAJO PRESENCIAL;CLARO
11;DIRECCION ZONAL DE JUNIN;CO;111038;SATIPO;TRABAJO PRESENCIAL;CLARO
11;DIRECCION ZONAL DE JUNIN;CO;111029;TARMA;TRABAJO PRESENCIAL;CLARO
11;DIRECCION ZONAL DE JUNIN;CO;113100;VILCASHUAMAN;TRABAJO PRESENCIAL;CLARO
11;DIRECCION ZONAL DE JUNIN;CO;112037;VIQUES;TRABAJO PRESENCIAL;CLARO
11;DIRECCION ZONAL DE JUNIN;CO;112069;WAYLLAPAMPA;TRABAJO PRESENCIAL;CLARO
11;DIRECCION ZONAL DE JUNIN;CO;110007;YANAHUANCA;TRABAJO PRESENCIAL;CLARO
12;DIRECCION ZONAL DE CUSCO;CO;113038;ACOMAYO;#N/D;#N/D
12;DIRECCION ZONAL DE CUSCO;CO;113025;ANDAHUAYLAS;TRABAJO REMOTO;CLARO
12;DIRECCION ZONAL DE CUSCO;CO;113035;ANTA ANCACHURO;TRABAJO PRESENCIAL;CLARO
12;DIRECCION ZONAL DE CUSCO;CO;114117;AYMARAES;TRABAJO PRESENCIAL;CLARO
12;DIRECCION ZONAL DE CUSCO;CO;113122;CAICAY;TRABAJO PRESENCIAL;MOVISTAR
12;DIRECCION ZONAL DE CUSCO;CO;113041;CCATCCA;TRABAJO PRESENCIAL;CLARO
12;DIRECCION ZONAL DE CUSCO;CO;113139;CHACLLABAMBA;TRABAJO PRESENCIAL;CLARO
12;DIRECCION ZONAL DE CUSCO;CO;100024;CHALLABAMBA;TRABAJO PRESENCIAL;CLARO
12;DIRECCION ZONAL DE CUSCO;CO;100030;CHONTACHACA;TRABAJO PRESENCIAL;MOVISTAR
12;DIRECCION ZONAL DE CUSCO;CO;113116;COLQUEPATA;TRABAJO PRESENCIAL;CLARO
12;DIRECCION ZONAL DE CUSCO;CP;113029;CURAHUASI;TRABAJO PRESENCIAL;CLARO
12;DIRECCION ZONAL DE CUSCO;CO;114108;CURPAHUASI;TRABAJO REMOTO;CLARO
12;DIRECCION ZONAL DE CUSCO;MAP;100044;GRANJA KAYRA;TRABAJO PRESENCIAL;CLARO
12;DIRECCION ZONAL DE CUSCO;MAP;113225;GRANJA SAN ANTONIO;TRABAJO PRESENCIAL;CLARO
12;DIRECCION ZONAL DE CUSCO;CO;110129;IÑAPARI;TRABAJO PRESENCIAL;CLARO
12;DIRECCION ZONAL DE CUSCO;CO;113031;MACHU PICCHU;TRABAJO PRESENCIAL;CLARO
12;DIRECCION ZONAL DE CUSCO;CO;113138;PAMPAS;ADICIONALES SIN DATA;ADICIONALES SIN DATA
12;DIRECCION ZONAL DE CUSCO;CO;113037;PARURO;TRABAJO PRESENCIAL;CLARO
12;DIRECCION ZONAL DE CUSCO;CO;100100;PAUCARTAMBO;TRABAJO PRESENCIAL;CLARO
12;DIRECCION ZONAL DE CUSCO;CO;100101;PISAC;TRABAJO PRESENCIAL;CLARO
12;DIRECCION ZONAL DE CUSCO;CO;114046;POMACANCHI;TRABAJO PRESENCIAL;CLARO
12;DIRECCION ZONAL DE CUSCO;CP;100109;PUERTO MALDONADO;TRABAJO PRESENCIAL;CLARO
12;DIRECCION ZONAL DE CUSCO;CO;112154;QUEBRADA YANATILE;TRABAJO PRESENCIAL;CLARO
12;DIRECCION ZONAL DE CUSCO;CP;112036;QUILLABAMBA;TRABAJO PRESENCIAL;CLARO
12;DIRECCION ZONAL DE CUSCO;CO;100114;QUINCEMIL;TRABAJO PRESENCIAL;CLARO
12;DIRECCION ZONAL DE CUSCO;PE;114131;SALCCA;ADICIONALES;ADICIONALES
12;DIRECCION ZONAL DE CUSCO;CO;114030;SANTO TOMAS;TRABAJO PRESENCIAL;CLARO
12;DIRECCION ZONAL DE CUSCO;CO;114033;SICUANI;TRABAJO PRESENCIAL;CLARO
12;DIRECCION ZONAL DE CUSCO;CO;113059;TAMBOBAMBA;TRABAJO PRESENCIAL;CLARO
12;DIRECCION ZONAL DE CUSCO;CP;113034;URUBAMBA;TRABAJO PRESENCIAL;CLARO
12;DIRECCION ZONAL DE CUSCO;CO;114032;YAURI;RENUNCIA;CLARO
13;DIRECCION ZONAL DE PUNO;CO;114050;ANANEA;TRABAJO PRESENCIAL;CLARO
13;DIRECCION ZONAL DE PUNO;CO;115035;ARAPA;TRABAJO PRESENCIAL;CLARO
13;DIRECCION ZONAL DE PUNO;CO;114038;AYAVIRI;TRABAJO PRESENCIAL;MOVISTAR
13;DIRECCION ZONAL DE PUNO;CO;114041;AZANGARO;TRABAJO PRESENCIAL;CLARO
13;DIRECCION ZONAL DE PUNO;CO;115033;CABANILLAS;TRABAJO PRESENCIAL;CLARO
13;DIRECCION ZONAL DE PUNO;CO;100021;CAPACHICA;TRABAJO PRESENCIAL;CLARO
13;DIRECCION ZONAL DE PUNO;CO;117041;CAPAZO;CESE;#N/D
13;DIRECCION ZONAL DE PUNO;CP;114035;CHUQUIBAMBILLA;TRABAJO PRESENCIAL;CLARO
13;DIRECCION ZONAL DE PUNO;CO;115053;COJATA;TRABAJO PRESENCIAL/DIFIC. ACCESO ESTACION;CLARO
13;DIRECCION ZONAL DE PUNO;CO;114058;CRUCERO;TRABAJO PRESENCIAL;CLARO
13;DIRECCION ZONAL DE PUNO;CO;114096;CUYO CUYO;TRABAJO PRESENCIAL;MOVISTAR
13;DIRECCION ZONAL DE PUNO;CO;116060;DESAGUADERO;TRABAJO REMOTO;CLARO
13;DIRECCION ZONAL DE PUNO;CO;115037;HUANCANE;CESE;SIN OPERADOR SIN DATA
13;DIRECCION ZONAL DE PUNO;CO;115038;HUARAYA MOHO;TRABAJO PRESENCIAL;CLARO
13;DIRECCION ZONAL DE PUNO;CO;100059;ICHUÑA;TRABAJO PRESENCIAL;CLARO
13;DIRECCION ZONAL DE PUNO;CO;116027;ILAVE;TRABAJO PRESENCIAL;CLARO
13;DIRECCION ZONAL DE PUNO;CO;100065;ISLA SOTO;TRABAJO PRESENCIAL;MOVISTAR
13;DIRECCION ZONAL DE PUNO;CO;116009;ISLA SUANA;TRABAJO PRESENCIAL;MOVISTAR
13;DIRECCION ZONAL DE PUNO;CO;115049;ISLA TAQUILE;TRABAJO PRESENCIAL;MOVISTAR
13;DIRECCION ZONAL DE PUNO;CO;116061;JULI;TERMINO CONTRATO;CLARO
13;DIRECCION ZONAL DE PUNO;CO;115060;JULIACA;#N/D;#N/D
13;DIRECCION ZONAL DE PUNO;CO;115138;JULIACA;TRABAJO PRESENCIAL;MOVISTAR
13;DIRECCION ZONAL DE PUNO;CO;100081;LAMPA;TRABAJO PRESENCIAL;CLARO
13;DIRECCION ZONAL DE PUNO;CO;116033;LARAQUERI;TRABAJO REMOTO;CLARO
13;DIRECCION ZONAL DE PUNO;CO;114049;LIMBANI;TRABAJO PRESENCIAL;MOVISTAR
13;DIRECCION ZONAL DE PUNO;CO;114034;LLALLY;TRABAJO PRESENCIAL;CLARO
13;DIRECCION ZONAL DE PUNO;CO;100088;LOS UROS;TRABAJO PRESENCIAL;CLARO
13;DIRECCION ZONAL DE PUNO;CO;114039;MACUSANI;TRABAJO PRESENCIAL;CLARO
13;DIRECCION ZONAL DE PUNO;CO;115051;MAÑAZO;TRABAJO PRESENCIAL;CLARO
13;DIRECCION ZONAL DE PUNO;CO;116026;MAZO CRUZ;TRABAJO PRESENCIAL;CLARO
13;DIRECCION ZONAL DE PUNO;CO;114042;MUÑANI;TRABAJO PRESENCIAL;CLARO
13;DIRECCION ZONAL DE PUNO;CO;113044;OLLACHEA;CESE;SIN OPERADOR SIN DATA
13;DIRECCION ZONAL DE PUNO;CO;115027;PAMPAHUTA;TRABAJO PRESENCIAL;MOVISTAR
13;DIRECCION ZONAL DE PUNO;CO;116029;PIZACOMA;TRABAJO PRESENCIAL;CLARO
13;DIRECCION ZONAL DE PUNO;CO;114040;PROGRESO;TRABAJO PRESENCIAL;MOVISTAR
13;DIRECCION ZONAL DE PUNO;CO;115046;PUCARA;TRABAJO PRESENCIAL;CLARO
13;DIRECCION ZONAL DE PUNO;CP;100110;PUNO;FALLECIO;CLARO
13;DIRECCION ZONAL DE PUNO;CO;114093;PUTINA;TRABAJO PRESENCIAL;CLARO
13;DIRECCION ZONAL DE PUNO;CO;115052;RINCON DE LA CRUZ;TRABAJO PRESENCIAL;CLARO
13;DIRECCION ZONAL DE PUNO;CO;113119;SAN GABAN;TRABAJO PRESENCIAL;CLARO
13;DIRECCION ZONAL DE PUNO;CO;115140;SANTA LUCIA;TRABAJO PRESENCIAL;CLARO
13;DIRECCION ZONAL DE PUNO;CO;114047;SANTA ROSA;TRABAJO PRESENCIAL;CLARO
13;DIRECCION ZONAL DE PUNO;CO;116030;TAHUACO - YUNGUYO;TRABAJO PRESENCIAL;MOVISTAR
13;DIRECCION ZONAL DE PUNO;CO;114043;TAMBOPATA;TRABAJO PRESENCIAL/INTERM;CLARO
13;DIRECCION ZONAL DE PUNO;CO;115047;TARACO;TRABAJO PRESENCIAL;CLARO
1;DIRECCION REGIONAL DE PIURA;HLM;200322;ALAMOR;TRABAJO PRESENCIAL;MOVISTAR
1;DIRECCION REGIONAL DE PIURA;HLG;200202;EL TIGRE;TRABAJO PRESENCIAL;MOVISTAR
1;DIRECCION REGIONAL DE PIURA;HLG;200415;SAN PEDRO;TRABAJO PRESENCIAL;CLARO
1;DIRECCION REGIONAL DE PIURA;HLG;220812;TABACONAS;#N/D;SIN OPERADOR SIN DATA
2;DIRECCION REGIONAL DE LAMBAYEQUE;HLG;201001;BATAN;#N/D;#N/D
2;DIRECCION REGIONAL DE LAMBAYEQUE;HLM;220405;CACAO;TRABAJO PRESENCIAL;MOVISTAR
2;DIRECCION REGIONAL DE LAMBAYEQUE;HLG;220611;CHOTANO LAJAS;TRABAJO PRESENCIAL;CLARO
2;DIRECCION REGIONAL DE LAMBAYEQUE;HLG;106122;CIRATO;TRABAJO PRESENCIAL;CLARO
2;DIRECCION REGIONAL DE LAMBAYEQUE;HLG;221106;LLAUCANO CORELLAMA;TRABAJO PRESENCIAL;CLARO
2;DIRECCION REGIONAL DE LAMBAYEQUE;HLG;221501;LOS NARANJOS;TRABAJO PRESENCIAL;CLARO
2;DIRECCION REGIONAL DE LAMBAYEQUE;HLG;221506;MAGUNCHAL;#N/D;SIN OPERADOR SIN DATA
2;DIRECCION REGIONAL DE LAMBAYEQUE;HLG;200801;PUCHACA;TRABAJO PRESENCIAL;CLARO
2;DIRECCION REGIONAL DE LAMBAYEQUE;HLG;221110;PUENTE MAYGASBAMBA;TRABAJO PRESENCIAL;CLARO
3;DIRECCION REGIONAL DE CAJAMARCA;HLM;221303;BALZAS;TRABAJO PRESENCIAL;CLARO
3;DIRECCION REGIONAL DE CAJAMARCA;HLM;201301;CASCABAMBA;TRABAJO PRESENCIAL;NO VYD
3;DIRECCION REGIONAL DE CAJAMARCA;HLG;220205;JESUS TUNEL;TRABAJO PRESENCIAL;CLARO
3;DIRECCION REGIONAL DE CAJAMARCA;HLM;220204;LAGUNA HUANGACOCHA;TRABAJO PRESENCIAL;CLARO
3;DIRECCION REGIONAL DE CAJAMARCA;HLG;220213;MASHCON;TRABAJO PRESENCIAL;CLARO
3;DIRECCION REGIONAL DE CAJAMARCA;HLG;220206;NAMORA BOCATOMA;TRABAJO PRESENCIAL;CLARO
3;DIRECCION REGIONAL DE CAJAMARCA;HLG;201207;PUENTE CHILETE;ADICIONALES;ADICIONALES
3;DIRECCION REGIONAL DE CAJAMARCA;HLM;220201;PUENTE CRISNEJAS;TRABAJO PRESENCIAL;CLARO
4;DIRECCION REGIONAL DE LIMA;HLG;203003;ANTAPUCRO;TRABAJO PRESENCIAL;CLARO
4;DIRECCION REGIONAL DE LIMA;HLG;202906;CHOSICA;TRABAJO PRESENCIAL;CLARO
4;DIRECCION REGIONAL DE LIMA;HLG;203101;LA CAPILLA;TRABAJO PRESENCIAL;ENTEL
4;DIRECCION REGIONAL DE LIMA;HLG;202802;OBRAJILLO;TRABAJO PRESENCIAL;CLARO
4;DIRECCION REGIONAL DE LIMA;HLM;203303;PACARAN;TRABAJO PRESENCIAL;CLARO
4;DIRECCION REGIONAL DE LIMA;HLM;202801;PARIACANCHA;TRABAJO PRESENCIAL;MOVISTAR
4;DIRECCION REGIONAL DE LIMA;HLG;202607;PICOY;TRABAJO PRESENCIAL;CLARO
4;DIRECCION REGIONAL DE LIMA;HLM;202910;PUENTE HUACHIPA;TRABAJO PRESENCIAL;CLARO
4;DIRECCION REGIONAL DE LIMA;HLG;111151;PUENTE MAGDALENA;TRABAJO PRESENCIAL;CLARO
4;DIRECCION REGIONAL DE LIMA;HLG;202904;RIO BLANCO;TRABAJO PRESENCIAL;CLARO
4;DIRECCION REGIONAL DE LIMA;HLM;230801;RIO PALLANGA;TRABAJO PRESENCIAL;NO VYD
4;DIRECCION REGIONAL DE LIMA;HLM;230803;RUMICHACA;TRABAJO PRESENCIAL;CLARO
4;DIRECCION REGIONAL DE LIMA;HLG;202905;SAN MATEO;TRABAJO PRESENCIAL;CLARO
4;DIRECCION REGIONAL DE LIMA;HLM;202930;SANTA EULALIA;TRABAJO PRESENCIAL;CLARO
4;DIRECCION REGIONAL DE LIMA;HLG;202701;SANTO DOMINGO;TRABAJO PRESENCIAL;CLARO
4;DIRECCION REGIONAL DE LIMA;HLM;212301;SAYAN;TRABAJO PRESENCIAL;CLARO
4;DIRECCION REGIONAL DE LIMA;HLG;203302;SOCSI;TRABAJO PRESENCIAL;SIN OPERADOR SIN DATA
5;DIRECCION REGIONAL DE ICA;HLM;213502;CHALLACA;ADICIONALES;ADICIONALES
5;DIRECCION REGIONAL DE ICA;HLG;230712;HUALLPOCA;TRABAJO PRESENCIAL;CLARO
5;DIRECCION REGIONAL DE ICA;HLG;203601;LETRAYOC;TRABAJO PRESENCIAL;CLARO
5;DIRECCION REGIONAL DE ICA;HLG;213600;LLAUTA;TRABAJO PRESENCIAL;CLARO
5;DIRECCION REGIONAL DE ICA;HLG;213500;LOS MOLINOS (ALEJANDRO PLAZA GARCIA);TRABAJO PRESENCIAL;MOVISTAR
6;DIRECCION REGIONAL DE AREQUIPA;HLG;204710;CHARCANI;TRABAJO PRESENCIAL;CLARO
6;DIRECCION REGIONAL DE AREQUIPA;HLG;204621;HACIENDA PAMPATA;TRABAJO PRESENCIAL;CLARO
6;DIRECCION REGIONAL DE AREQUIPA;HLG;204617;HUATIAPA;TRABAJO PRESENCIAL;CLARO
6;DIRECCION REGIONAL DE AREQUIPA;HLG;204905;LA PASCANA;TRABAJO PRESENCIAL;CLARO
6;DIRECCION REGIONAL DE AREQUIPA;HLG;204504;OCOÑA;TRABAJO PRESENCIAL;CLARO
6;DIRECCION REGIONAL DE AREQUIPA;HLG;204707;PUENTE DEL DIABLO;TRABAJO PRESENCIAL;CLARO
6;DIRECCION REGIONAL DE AREQUIPA;HLM;204501;SALAMANCA;TRABAJO PRESENCIAL;SIN OPERADOR
6;DIRECCION REGIONAL DE AREQUIPA;HLG;204702;SUMBAY;TRABAJO PRESENCIAL;CLARO
6;DIRECCION REGIONAL DE AREQUIPA;HLG;204708;TINGO GRANDE;TRABAJO PRESENCIAL;CLARO
7;DIRECCION REGIONAL DE TACNA;HLG;211706;BOCATOMA;#N/D;#N/D
7;DIRECCION REGIONAL DE TACNA;HLG;215000;CANAL UCHUSUMA;TRABAJO PRESENCIAL;SIN OPERADOR
7;DIRECCION REGIONAL DE TACNA;HLM;270900;CHUAPALCA;#N/D;SIN OPERADOR SIN DATA
7;DIRECCION REGIONAL DE TACNA;HLM;117060;CHUAPALCA ALTERNATIVA ALTA;#N/D;#N/D
7;DIRECCION REGIONAL DE TACNA;HLG;214901;CORUCA;TRABAJO PRESENCIAL;MOVISTAR
7;DIRECCION REGIONAL DE TACNA;HLM;205010;LOCUMBA;TRABAJO REMOTO;CLARO
7;DIRECCION REGIONAL DE TACNA;HLG;214700;OTORA;TRABAJO REMOTO;SIN OPERADOR 
7;DIRECCION REGIONAL DE TACNA;HLG;204804;TUMILACA;TRABAJO PRESENCIAL;CLARO
7;DIRECCION REGIONAL DE TACNA;HLM;211705;VILACOTA;ADICIONALES;SIN OPERADOR
8;DIRECCION REGIONAL DE LORETO;HLM;240111;BELLAVISTA;0;NO VYD
8;DIRECCION REGIONAL DE LORETO;HLM;220107;BORJA;TRABAJO PRESENCIAL;MOVISTAR
8;DIRECCION REGIONAL DE LORETO;HLM;251102;CONTAMANA;ADICIONALES SIN DATA;ADICIONALES SIN DATA
8;DIRECCION REGIONAL DE LORETO;HLM;240102;ENAPU PERU;#N/D;SIN OPERADOR
8;DIRECCION REGIONAL DE LORETO;HLM;251100;FLOR DE PUNGA;ADICIONALES SIN DATA;ADICIONALES SIN DATA
8;DIRECCION REGIONAL DE LORETO;HLM;230603;LAGUNAS;ADICIONALES;ADICIONALES
8;DIRECCION REGIONAL DE LORETO;HLM;221402;NAUTA;ADICIONALES;ADICIONALES
8;DIRECCION REGIONAL DE LORETO;HLM;250101;REQUENA;TRABAJO REMOTO;CLARO
8;DIRECCION REGIONAL DE LORETO;HLM;220108;SAN LORENZO;ADICIONALES;ADICIONALES
8;DIRECCION REGIONAL DE LORETO;HLM;220105;SAN REGIS;TRABAJO PRESENCIAL;ENTEL
8;DIRECCION REGIONAL DE LORETO;HLM;240109;SANTA CRUZ;0;NO VYD
8;DIRECCION REGIONAL DE LORETO;HLM;240001;SANTA MARIA NANAY;TRABAJO PRESENCIAL;ENTEL
8;DIRECCION REGIONAL DE LORETO;HLM;240103;TAMSHIYACU;TRABAJO PRESENCIAL;CLARO
8;DIRECCION REGIONAL DE LORETO;HLM;240202;TIMICURILLO;ADICIONALES SIN DATA;ADICIONALES SIN DATA
8;DIRECCION REGIONAL DE LORETO;HLM;230602;YURIMAGUAS ENP;#N/D;SIN OPERADOR
9;DIRECCION REGIONAL DE SAN MARTIN;HLG;221804;BIAVO;0;ADICIONALES SIN DATA
9;DIRECCION REGIONAL DE SAN MARTIN;HLM;221821;CAMPANILLA;ADICIONALES SIN DATA;ADICIONALES SIN DATA
9;DIRECCION REGIONAL DE SAN MARTIN;HLM;230601;CHAZUTA;ADICIONALES SIN DATA;ADICIONALES SIN DATA
9;DIRECCION REGIONAL DE SAN MARTIN;HLG;221801;CUMBAZA;TRABAJO PRESENCIAL;CLARO
9;DIRECCION REGIONAL DE SAN MARTIN;HLG;230504;HUAYABAMBA;TRABAJO PRESENCIAL;SIN OPERADOR SIN DATA
9;DIRECCION REGIONAL DE SAN MARTIN;HLG;230715;PICOTA;ADICIONALES;ADICIONALES
9;DIRECCION REGIONAL DE SAN MARTIN;HLG;221813;SHAMBOYACU;#N/D;NO VYD
9;DIRECCION REGIONAL DE SAN MARTIN;HLG;221802;SHANAO;ADICIONALES;ADICIONALES
10;DIRECCION REGIONAL DE HUANUCO;HLG;231201;PUENTE AGUAYTIA;ADICIONALES;ADICIONALES
10;DIRECCION REGIONAL DE HUANUCO;HLM;221811;PUENTE HIGUERAS;TRABAJO PRESENCIAL;MOVISTAR
10;DIRECCION REGIONAL DE HUANUCO;HLG;230700;PUENTE TOCACHE;TRABAJO PRESENCIAL;CLARO
10;DIRECCION REGIONAL DE HUANUCO;HLM;231101;PUERTO INCA;ADICIONALES;ADICIONALES
10;DIRECCION REGIONAL DE HUANUCO;HLM;250103;SAN ALEJANDRO;TRABAJO PRESENCIAL;SIN OPERADOR
10;DIRECCION REGIONAL DE HUANUCO;HLM;221309;SAN RAFAEL;TRABAJO PRESENCIAL;SIN OPERADOR
10;DIRECCION REGIONAL DE HUANUCO;HLG;221820;TINGO MARIA;TRABAJO PRESENCIAL;CLARO
11;DIRECCION REGIONAL DE JUNIN;HLG;230930;PERENE;#N/D;SIN OPERADOR SIN DATA
11;DIRECCION REGIONAL DE JUNIN;HLG;230931;PUENTE BREÑA;TRABAJO PRESENCIAL;CLARO
11;DIRECCION REGIONAL DE JUNIN;HLM;250501;RIO TULUMAYO;TRABAJO PRESENCIAL;CLARO
12;DIRECCION REGIONAL DE CUSCO;HLM;250301;CHACLLABAMBA;ADICIONALES SIN DATA;ADICIONALES SIN DATA
12;DIRECCION REGIONAL DE CUSCO;HLG;251001;MARCELINO SERNA (PAMPAS);TRABAJO PRESENCIAL;MOVISTAR
12;DIRECCION REGIONAL DE CUSCO;HLG;250405;PAUCARTAMBO;TERMINO CONTRATO;CLARO
12;DIRECCION REGIONAL DE CUSCO;HLM;250303;PISAC;TRABAJO REMOTO;CLARO
12;DIRECCION REGIONAL DE CUSCO;HLM;230502;PUENTE COLCA;ADICIONALES SIN DATA;ADICIONALES SIN DATA
12;DIRECCION REGIONAL DE CUSCO;HLG;230503;PUENTE CUNYAC;TRABAJO PRESENCIAL;CLARO
12;DIRECCION REGIONAL DE CUSCO;HLM;113251;PUENTE INAMBARI;TRABAJO PRESENCIAL;CLARO
12;DIRECCION REGIONAL DE CUSCO;HLM;250308;SALCCA;TRABAJO PRESENCIAL;MOVISTAR
13;DIRECCION REGIONAL DE PUNO;HLM;270000;ENAFER;CESE;NO VYD
13;DIRECCION REGIONAL DE PUNO;HLM;210405;LAMPA;CESE;NO VYD
13;DIRECCION REGIONAL DE PUNO;HLG;260501;LIMBANI;CESE;ADICIONALES SIN DATA
13;DIRECCION REGIONAL DE PUNO;HLG;210103;PUENTE AYAVIRI;TERMINO CONTRATO;CLARO
13;DIRECCION REGIONAL DE PUNO;HLG;210102;PUENTE CARRETERA AZANGARO;TRABAJO PRESENCIAL;CLARO
13;DIRECCION REGIONAL DE PUNO;HLG;210301;PUENTE CARRETERA ILAVE;TRABAJO PRESENCIAL;CLARO
13;DIRECCION REGIONAL DE PUNO;HLG;210407;PUENTE COATA-UNOCOLLA;TRABAJO PRESENCIAL;CLARO
13;DIRECCION REGIONAL DE PUNO;HLG;270700;PUENTE DESAGUADERO;CESE;NO VYD
13;DIRECCION REGIONAL DE PUNO;HLG;210201;PUENTE HUANCANE;TRABAJO PRESENCIAL;CLARO
13;DIRECCION REGIONAL DE PUNO;HLM;210406;PUENTE ISLA CABANILLAS;TRABAJO PRESENCIAL;MOVISTAR
13;DIRECCION REGIONAL DE PUNO;HLG;210502;PUENTE LOROCO CALLACAME;TRABAJO PRESENCIAL;CLARO
13;DIRECCION REGIONAL DE PUNO;HLG;210101;PUENTE RAMIS;TRABAJO PRESENCIAL;CLARO
13;DIRECCION REGIONAL DE PUNO;HLM;270503;PUENTE ZAPATILLA;TRABAJO PRESENCIAL;CLARO
13;DIRECCION REGIONAL DE PUNO;HLG;270300;RIO VERDE;TRABAJO PRESENCIAL;CLARO
